15,かえでの紅葉,,,,,,,,,,,,,,,,,,,,,,,,,,,,,,,,,,,,,,,,,,,,,,,,,,,,,,,,,,,,,,,,,,,,,,,,,,,,,,,,,,,,,,,,,,,,,,,,,,,,,,,,,,,,,,,,,,,,,,,,,,,,,,,,,,,,,,,,,,,,,,,,,,,,,,,,,,,,,,,,,,,,,,,,
番号,地点名,1953,rm,1954,rm,1955,rm,1956,rm,1957,rm,1958,rm,1959,rm,1960,rm,1961,rm,1962,rm,1963,rm,1964,rm,1965,rm,1966,rm,1967,rm,1968,rm,1969,rm,1970,rm,1971,rm,1972,rm,1973,rm,1974,rm,1975,rm,1976,rm,1977,rm,1978,rm,1979,rm,1980,rm,1981,rm,1982,rm,1983,rm,1984,rm,1985,rm,1986,rm,1987,rm,1988,rm,1989,rm,1990,rm,1991,rm,1992,rm,1993,rm,1994,rm,1995,rm,1996,rm,1997,rm,1998,rm,1999,rm,2000,rm,2001,rm,2002,rm,2003,rm,2004,rm,2005,rm,2006,rm,2007,rm,2008,rm,2009,rm,2010,rm,2011,rm,2012,rm,2013,rm,2014,rm,2015,rm,2016,rm,2017,rm,2018,rm,2019,rm,2020,rm,2021,rm,2022,rm,2023,rm,2024,rm,2025,rm,2026,rm,2027,rm,2028,rm,2029,rm,2030,rm,2031,rm,2032,rm,平年値,rm,最早値,rm,最早年,最晩値,rm,最晩年
401,稚内　　,0,0,0,0,0,0,0,0,0,0,0,0,0,0,0,0,0,0,0,0,0,0,0,0,0,0,0,0,0,0,0,0,0,0,0,0,0,0,0,0,0,0,0,0,0,0,0,0,0,0,0,0,0,0,0,0,0,0,0,0,0,0,0,0,0,0,0,0,0,0,0,0,0,0,0,0,0,0,0,0,0,0,0,0,0,0,0,0,0,0,0,0,0,0,0,0,0,0,0,0,0,0,0,0,0,0,0,0,0,0,0,0,0,0,0,0,0,0,0,0,0,0,0,0,0,0,0,0,0,0,0,0,0,0,0,0,0,0,0,0,0,0,0,0,0,0,0,0,0,0,0,0,0,0,0,0,0,0,0,0,0,0,0,0,0,0,0,0
406,留萌　　,0,0,0,0,0,0,0,0,0,0,0,0,0,0,0,0,0,0,0,0,0,0,0,0,0,0,0,0,0,0,0,0,0,0,0,0,0,0,0,0,0,0,0,0,0,0,0,0,0,0,0,0,0,0,0,0,0,0,0,0,0,0,0,0,0,0,0,0,0,0,0,0,0,0,0,0,0,0,0,0,0,0,0,0,0,0,0,0,0,0,0,0,0,0,0,0,0,0,0,0,0,0,0,0,0,0,0,0,0,0,0,0,0,0,0,0,0,0,0,0,0,0,0,0,0,0,0,0,0,0,0,0,0,0,0,0,0,0,0,0,0,0,0,0,0,0,0,0,0,0,0,0,0,0,0,0,0,0,0,0,0,0,0,0,0,0,0,0
407,旭川　　,0,0,0,0,0,0,0,0,0,0,0,0,0,0,0,0,0,0,0,0,0,0,0,0,0,0,0,0,0,0,0,0,0,0,0,0,0,0,0,0,0,0,0,0,0,0,0,0,0,0,0,0,0,0,0,0,0,0,0,0,0,0,0,0,0,0,0,0,0,0,0,0,0,0,0,0,0,0,0,0,1008,6,1027,6,1015,6,1016,6,1019,6,1031,6,1028,6,1025,6,1021,6,1105,6,1023,6,1020,7,1024,7,1026,7,1022,7,1023,7,1026,7,1027,7,1023,7,1029,7,1024,7,1019,7,1022,7,1020,7,1015,7,1021,7,1025,7,1025,7,1022,7,1018,7,1027,7,0,0,0,0,0,0,0,0,0,0,0,0,0,0,0,0,0,0,1023,6,1008,6,1993,1105,6,2002
409,網走　　,0,0,0,0,0,0,0,0,0,0,0,0,0,0,0,0,0,0,0,0,0,0,0,0,0,0,0,0,0,0,0,0,0,0,0,0,0,0,0,0,0,0,0,0,0,0,0,0,0,0,0,0,0,0,0,0,0,0,0,0,0,0,0,0,0,0,0,0,0,0,0,0,0,0,0,0,0,0,0,0,0,0,0,0,0,0,0,0,0,0,0,0,0,0,0,0,0,0,0,0,0,0,0,0,0,0,0,0,0,0,0,0,0,0,0,0,0,0,0,0,0,0,0,0,0,0,0,0,0,0,0,0,0,0,0,0,0,0,0,0,0,0,0,0,0,0,0,0,0,0,0,0,0,0,0,0,0,0,0,0,0,0,0,0,0,0,0,0
412,札幌　　,1008,6,1015,6,1017,6,1024,6,1020,6,1012,6,0,0,0,0,1013,6,1010,6,926,6,1001,6,0,0,0,0,1022,6,1018,6,1002,6,1020,6,0,0,1013,6,0,0,0,0,1023,6,1022,6,1015,6,1014,6,1016,6,1015,6,1028,6,1027,6,1026,6,1021,6,1029,6,1022,7,1028,7,1024,7,1026,7,1029,7,1027,7,1022,7,1021,7,0,0,1021,7,1024,7,1021,7,1030,7,1025,7,1025,7,1017,7,1021,7,1019,7,1028,7,1031,7,1030,7,1023,7,1023,7,1028,7,1101,6,1026,6,0,0,1103,6,1030,6,1029,6,1109,6,1102,6,1109,6,1105,6,1107,6,1104,6,1110,6,1110,6,0,0,0,0,0,0,0,0,0,0,0,0,0,0,0,0,0,0,1028,6,926,6,1963,1110,6,2023
413,岩見沢　,0,0,0,0,0,0,0,0,0,0,0,0,0,0,0,0,0,0,0,0,0,0,0,0,0,0,0,0,0,0,0,0,0,0,0,0,0,0,0,0,0,0,0,0,0,0,0,0,0,0,0,0,0,0,0,0,0,0,0,0,0,0,0,0,0,0,0,0,0,0,0,0,0,0,1030,7,1029,7,1011,7,1019,7,1021,7,0,0,1028,7,1022,7,1102,7,1028,7,1030,7,1026,7,1101,7,1021,7,1102,7,1103,7,0,0,0,0,0,0,0,0,0,0,0,0,0,0,0,0,0,0,0,0,0,0,0,0,0,0,0,0,0,0,0,0,0,0,0,0,0,0,0,0,0,0,0,0,0,0,0,0,0,0,0,0,0,0,0,0,1011,6,1992,1103,6,2005
417,帯広　　,0,0,1003,6,1013,6,1019,6,1013,6,1017,6,1021,6,1009,6,1017,6,0,0,0,0,0,0,0,0,0,0,1009,6,1008,6,0,0,0,0,0,0,0,0,1018,6,1011,6,1021,6,1014,6,1014,6,1013,6,1014,6,1006,6,1019,6,1021,6,1014,6,1016,6,1013,6,1018,6,1011,6,1017,6,1020,6,1016,6,1012,6,1011,6,1011,6,1022,6,1015,6,1014,6,1006,6,1017,6,1021,6,1024,6,1015,6,1021,6,1019,6,1025,6,1023,6,1025,6,1023,6,1022,6,1019,6,1027,6,1025,6,1102,6,1028,6,1018,6,1021,6,1020,6,1020,6,1023,6,1022,6,1021,6,1019,6,1027,6,1101,6,0,0,0,0,0,0,0,0,0,0,0,0,0,0,0,0,0,0,1020,6,1003,6,1954,1102,6,2012
418,釧路　　,0,0,0,0,1015,6,0,0,1001,6,1013,6,1019,6,1020,6,1015,6,1013,6,1005,6,927,6,1010,6,1015,6,1009,6,1012,6,1004,6,1015,6,1012,6,1010,6,927,6,1004,6,1010,6,1006,6,1016,6,1008,6,1012,6,1011,6,0,0,1015,6,1012,6,1005,6,1017,6,1015,6,1004,6,1013,6,1019,6,1015,6,1004,6,1009,6,1019,6,1024,6,1014,6,1021,6,1015,6,1023,6,1017,6,1015,6,1011,7,1018,7,1014,7,1012,7,1026,7,0,0,0,0,1014,7,1013,7,1013,7,1015,7,1021,7,1022,7,1010,7,1009,7,1015,7,1013,7,1014,7,1017,7,1017,7,1020,7,1018,7,1023,7,0,0,0,0,0,0,0,0,0,0,0,0,0,0,0,0,0,0,1016,6,927,6,1973,1026,6,2005
420,根室　　,0,0,0,0,0,0,0,0,0,0,0,0,0,0,0,0,0,0,0,0,0,0,0,0,0,0,0,0,0,0,0,0,0,0,0,0,0,0,0,0,0,0,0,0,0,0,0,0,0,0,0,0,0,0,0,0,0,0,0,0,0,0,0,0,0,0,0,0,0,0,0,0,0,0,0,0,0,0,0,0,0,0,0,0,0,0,0,0,1010,6,1021,6,1017,6,1017,6,1009,6,0,0,1015,6,1013,6,1031,6,0,0,1026,6,1104,6,1020,6,0,0,0,0,0,0,0,0,0,0,0,0,0,0,0,0,0,0,0,0,0,0,0,0,0,0,0,0,0,0,0,0,0,0,0,0,0,0,0,0,0,0,0,0,0,0,0,0,1009,6,2001,1104,6,2008
423,室蘭　　,1004,8,1004,8,1010,8,0,0,0,0,0,0,0,0,0,0,1009,8,0,0,0,0,0,0,0,0,0,0,0,0,0,0,0,0,0,0,0,0,0,0,0,0,0,0,0,0,0,0,0,0,0,0,0,0,0,0,0,0,0,0,0,0,0,0,0,0,1029,6,1028,6,1026,6,1029,6,1105,6,1103,6,1102,6,1101,6,1031,6,1104,6,1107,6,1102,6,1116,6,1108,6,1107,6,1105,6,1103,6,1031,6,0,0,1122,6,1106,6,1029,6,1106,6,1111,6,1108,6,1109,6,1112,6,1112,6,1103,6,1101,6,1101,6,1106,6,1114,6,1112,6,1110,6,1115,6,1117,6,1120,6,0,0,0,0,0,0,0,0,0,0,0,0,0,0,0,0,0,0,1107,6,1026,6,1988,1122,6,2005
426,浦河　　,1009,6,1010,6,1011,6,0,0,0,0,0,0,0,0,1012,6,0,0,0,0,0,0,0,0,0,0,0,0,0,0,0,0,0,0,0,0,0,0,0,0,0,0,0,0,0,0,0,0,0,0,0,0,0,0,0,0,0,0,0,0,0,0,0,0,0,0,0,0,0,0,1029,7,1025,7,1029,7,0,0,1028,7,1022,7,1031,7,1107,7,1104,7,1031,7,1104,7,1027,7,1024,7,1016,7,1025,7,1019,7,1022,7,1019,7,1018,7,1102,7,1101,7,0,0,0,0,0,0,0,0,0,0,0,0,0,0,0,0,0,0,0,0,0,0,0,0,0,0,0,0,0,0,0,0,0,0,0,0,0,0,0,0,0,0,0,0,0,0,0,0,0,0,1009,6,1953,1107,6,1995
428,江差　　,0,0,0,0,1018,8,1018,8,1018,8,1018,8,0,0,0,0,0,0,0,0,0,0,0,0,0,0,0,0,0,0,0,0,0,0,0,0,0,0,0,0,0,0,0,0,0,0,0,0,0,0,0,0,0,0,0,0,0,0,0,0,0,0,0,0,0,0,0,0,0,0,0,0,0,0,0,0,0,0,0,0,0,0,0,0,0,0,0,0,0,0,0,0,0,0,0,0,0,0,0,0,0,0,0,0,0,0,0,0,0,0,0,0,0,0,0,0,0,0,0,0,0,0,0,0,0,0,0,0,0,0,0,0,0,0,0,0,0,0,0,0,0,0,0,0,0,0,0,0,0,0,0,0,0,0,0,0,0,0,0,0,0,0,1018,8,1958,1018,8,1958
430,函館　　,1025,6,930,6,1027,6,1024,6,1013,6,1023,6,928,6,1004,6,1006,6,1009,6,1006,6,0,0,1019,6,1010,6,0,0,1022,6,1025,6,1016,6,1024,6,1018,6,1022,6,0,0,0,0,1015,6,1029,6,1011,6,1103,6,1031,6,1029,6,1027,6,1026,6,1028,6,1029,6,1101,6,1104,6,1024,6,1017,6,1101,6,1102,6,0,0,1015,6,1101,6,1020,6,1025,6,1022,6,1017,6,0,0,0,0,1023,6,1102,6,1102,6,0,0,1115,6,1029,6,1031,6,1029,6,1111,6,1111,6,1109,6,1105,6,1108,6,1102,6,1105,6,1104,6,1104,6,1111,6,1112,6,1109,6,1108,6,1104,6,1111,6,0,0,0,0,0,0,0,0,0,0,0,0,0,0,0,0,0,0,1102,6,928,6,1959,1115,6,2005
433,倶知安　,0,0,1015,6,1005,6,1003,6,1007,6,1010,6,1016,6,1018,6,0,0,1010,6,0,0,0,0,1003,6,0,0,0,0,0,0,0,0,0,0,0,0,0,0,0,0,0,0,0,0,1015,6,1018,6,1017,6,1016,6,1010,6,1016,6,1014,6,1009,6,0,0,1025,6,1004,7,1020,7,1021,7,1017,7,1025,7,1023,7,1015,7,1020,7,1028,7,1018,6,1026,6,1020,6,1027,6,1025,6,1026,6,1020,6,1019,6,1024,6,1021,6,1028,6,0,0,0,0,0,0,0,0,0,0,0,0,0,0,0,0,0,0,0,0,0,0,0,0,0,0,0,0,0,0,0,0,0,0,0,0,0,0,0,0,0,0,0,0,0,0,0,0,0,0,0,0,0,0,0,0,1003,6,1965,1028,6,2005
435,紋別　　,0,0,0,0,0,0,0,0,0,0,0,0,0,0,0,0,0,0,0,0,0,0,0,0,0,0,0,0,0,0,0,0,0,0,0,0,0,0,0,0,0,0,0,0,0,0,0,0,0,0,0,0,0,0,0,0,0,0,0,0,0,0,0,0,0,0,0,0,0,0,0,0,0,0,0,0,1020,6,1020,6,1024,6,1026,6,1023,6,1025,6,1020,6,1027,6,1102,6,1027,6,1023,6,1026,6,1027,6,1101,6,1107,6,1030,6,0,0,0,0,0,0,0,0,0,0,0,0,0,0,0,0,0,0,0,0,0,0,0,0,0,0,0,0,0,0,0,0,0,0,0,0,0,0,0,0,0,0,0,0,0,0,0,0,0,0,0,0,0,0,1020,6,1997,1107,6,2005
440,広尾　　,0,0,0,0,0,0,0,0,0,0,0,0,0,0,0,0,0,0,0,0,0,0,0,0,0,0,0,0,0,0,0,0,0,0,0,0,0,0,0,0,0,0,0,0,0,0,0,0,0,0,0,0,0,0,0,0,0,0,0,0,0,0,0,0,0,0,0,0,0,0,0,0,0,0,0,0,0,0,1015,6,1026,6,1101,6,1025,6,1024,6,1020,6,1031,6,0,0,0,0,0,0,0,0,0,0,0,0,0,0,0,0,0,0,0,0,0,0,0,0,0,0,0,0,0,0,0,0,0,0,0,0,0,0,0,0,0,0,0,0,0,0,0,0,0,0,0,0,0,0,0,0,0,0,0,0,0,0,0,0,0,0,0,0,0,0,1015,6,1992,1101,6,1994
520,新庄　　,0,0,0,0,0,0,0,0,0,0,1023,8,1027,8,1030,8,1024,8,1022,8,1013,8,1025,8,1108,8,1112,8,1111,8,1103,8,1112,8,1110,8,1117,8,1119,8,1117,8,0,0,1027,8,1027,8,1101,8,1030,8,1115,8,1103,8,1102,8,1103,8,1024,8,1023,8,1101,8,1103,8,1101,8,1031,8,1102,8,1107,8,1110,8,1107,8,1103,8,1113,8,1115,8,1107,8,1110,8,0,0,0,0,0,0,0,0,0,0,0,0,0,0,0,0,0,0,0,0,0,0,0,0,0,0,0,0,0,0,0,0,0,0,0,0,0,0,0,0,0,0,0,0,0,0,0,0,0,0,0,0,0,0,0,0,0,0,0,0,0,0,0,0,0,0,0,0,0,0,0,0,1013,8,1963,1119,8,1972
575,青森　　,0,0,0,0,0,0,0,0,0,0,0,0,0,0,0,0,0,0,0,0,0,0,0,0,0,0,0,0,0,0,0,0,0,0,0,0,0,0,0,0,0,0,0,0,0,0,0,0,0,0,1014,8,1110,8,1106,8,1102,8,1108,8,1105,8,1105,8,1108,8,1103,9,1106,9,1105,9,1109,9,1122,9,1112,9,1113,9,1111,9,1114,9,1117,9,1108,9,1106,9,1117,9,1109,9,1110,9,1120,9,1118,9,1120,9,1116,9,1128,9,1115,9,1114,9,1113,9,1109,9,1113,9,1114,9,1115,9,1120,9,1106,9,1031,9,1107,9,1106,9,1109,9,1111,9,1107,9,1106,9,1111,9,1119,9,0,0,0,0,0,0,0,0,0,0,0,0,0,0,0,0,0,0,1113,8,1014,8,1978,1128,8,2005
581,八戸　　,0,0,0,0,1020,8,1028,8,1025,8,1025,8,1020,8,0,0,0,0,1020,8,0,0,1023,8,1024,8,1101,8,0,0,1022,8,1021,8,1104,8,0,0,0,0,0,0,0,0,0,0,0,0,0,0,0,0,1113,8,1029,6,1118,6,1119,6,1102,8,1105,6,1113,6,1112,6,1111,8,1104,8,1108,8,1118,8,1123,8,1119,8,1104,9,1110,9,1114,9,1109,9,1114,9,1119,9,1113,8,1109,8,1115,8,1115,8,1119,8,1112,8,1115,8,1110,8,0,0,0,0,0,0,0,0,0,0,0,0,0,0,0,0,0,0,0,0,0,0,0,0,0,0,0,0,0,0,0,0,0,0,0,0,0,0,0,0,0,0,0,0,0,0,0,0,0,0,0,0,0,0,1020,8,1962,1123,8,1991
582,秋田　　,1027,8,0,0,1105,8,1101,8,1030,8,1103,8,0,0,0,0,1106,8,1029,8,1101,8,1101,8,1103,8,1111,8,1103,8,1027,8,1013,8,1030,8,1026,8,1026,8,1026,8,1101,8,1104,8,1110,8,1102,8,1024,8,1102,8,1029,8,1106,8,1105,8,1105,8,1024,8,1101,8,1027,8,1104,8,1031,8,1027,8,1126,9,0,0,1110,9,1114,9,1114,9,1108,9,1106,9,1030,9,1106,9,1109,9,1108,9,1108,9,1111,9,1104,9,1111,9,1112,9,1114,9,1117,9,1118,9,1123,9,1114,9,1118,8,1112,8,1118,8,1107,8,1106,8,1108,8,1109,8,1118,8,1120,8,1118,8,1112,8,1113,8,1128,8,0,0,0,0,0,0,0,0,0,0,0,0,0,0,0,0,0,0,1112,8,1013,8,1969,1128,8,2023
584,盛岡　　,1016,8,0,0,1002,8,1015,8,1020,8,1018,8,0,0,1018,8,1016,8,1021,8,1015,8,0,0,0,0,1022,8,1025,8,1015,8,1023,8,1027,8,1022,8,1024,8,1026,8,1028,8,1102,8,1102,8,1103,8,1030,8,1107,8,1103,8,1102,8,1104,8,1024,8,1023,8,1101,8,1029,8,1104,8,1104,8,1031,8,1114,8,1116,8,1111,8,1108,8,1027,8,1111,8,1111,8,1031,9,1117,8,1107,9,1113,8,1112,8,1112,8,1102,8,1111,8,1115,8,1117,8,1112,8,1118,8,1116,8,1118,8,1120,8,1124,8,1118,8,1116,8,1113,8,1114,8,1119,8,1122,8,1117,8,1117,8,1121,8,1116,8,1124,8,0,0,0,0,0,0,0,0,0,0,0,0,0,0,0,0,0,0,1113,8,1002,8,1955,1124,8,2023
585,宮古　　,0,0,1030,8,0,0,1103,8,1025,8,1102,8,0,0,1103,8,1101,8,1104,8,1121,8,0,0,0,0,1122,8,1112,8,1111,8,0,0,1102,8,1108,8,0,0,1102,8,1114,8,1107,8,1029,8,0,0,1105,8,0,0,1102,8,1107,8,1105,8,1031,8,1102,8,1105,8,1031,8,1104,8,1110,8,1109,8,1114,8,1109,8,1109,8,1109,8,1109,8,1107,8,1101,8,1030,8,1113,8,1110,8,1113,8,1110,8,1118,8,1123,8,1126,8,1128,8,1126,8,0,0,0,0,0,0,0,0,0,0,0,0,0,0,0,0,0,0,0,0,0,0,0,0,0,0,0,0,0,0,0,0,0,0,0,0,0,0,0,0,0,0,0,0,0,0,0,0,0,0,0,0,0,0,1025,8,1957,1128,8,2005
587,酒田　　,1026,8,1026,8,1028,8,1101,8,0,0,0,0,1005,8,1102,8,1102,8,1105,8,1020,8,1025,8,1111,8,1101,8,1108,8,1114,8,1030,8,1102,8,1101,8,1107,8,1030,8,1030,8,1103,8,1027,8,1102,8,1030,8,1031,8,1030,8,1024,8,1022,8,1021,8,1029,8,0,0,1104,9,1108,9,1028,8,1108,8,1119,8,1122,8,1121,8,1130,8,1125,8,0,0,1118,8,1117,8,0,0,0,0,1121,8,1113,8,1114,8,1125,8,0,0,1125,8,1124,8,1202,8,1128,8,0,0,0,0,0,0,0,0,0,0,0,0,0,0,0,0,0,0,0,0,0,0,0,0,0,0,0,0,0,0,0,0,0,0,0,0,0,0,0,0,0,0,0,0,0,0,0,0,0,0,1005,8,1959,1202,8,2007
588,山形　　,0,0,0,0,0,0,0,0,1106,8,1105,8,1112,8,1110,8,1114,8,1107,8,1115,8,1106,8,1101,8,1108,8,1117,8,1118,8,1107,8,1109,8,1114,8,0,0,0,0,1108,8,1102,8,1115,8,1117,8,1111,8,1130,8,1125,8,1104,8,1031,8,1107,8,1109,8,1120,8,1114,8,1119,8,1114,8,1116,8,1120,8,1121,8,1117,8,1117,8,1130,8,1127,8,0,0,1105,8,1213,8,1123,8,1119,8,1115,8,1121,8,1201,8,1124,8,1130,8,1130,8,1127,8,1126,8,1127,8,1124,8,1129,8,1126,8,1123,8,1112,8,1112,8,1128,8,1206,8,1205,8,1204,8,1125,8,1124,8,1125,8,1206,8,0,0,0,0,0,0,0,0,0,0,0,0,0,0,0,0,0,0,1125,8,1031,8,1982,1213,8,1998
590,仙台　　,0,0,0,0,0,0,1025,8,1028,8,1101,8,1120,8,1105,8,1102,8,1026,8,0,0,0,0,0,0,0,0,0,0,1104,8,1101,8,1106,8,1110,8,1117,8,1122,8,1116,8,1113,8,1117,8,1122,8,1108,8,1110,8,1104,8,1112,8,1118,8,1111,8,1107,8,1109,8,1104,8,1112,8,1119,8,1125,8,1201,8,1122,8,1111,8,1115,8,1115,8,1110,8,1118,8,1108,8,1124,8,1117,8,1116,8,1117,8,1115,8,1123,8,1128,8,1128,8,1201,8,1130,8,1130,8,1124,8,1124,8,1125,8,1125,8,1127,8,1122,8,1117,8,1117,8,1121,8,1126,8,1126,8,1123,8,1124,8,1124,8,1124,8,0,0,0,0,0,0,0,0,0,0,0,0,0,0,0,0,0,0,1121,8,1025,8,1956,1201,8,2006
595,福島　　,1112,8,1114,8,1027,8,1025,8,1109,8,1022,8,1025,8,1023,8,1020,8,0,0,1017,8,1107,8,1023,8,0,0,0,0,0,0,0,0,1103,8,1106,8,1105,8,1110,8,1113,8,1112,8,1112,8,1117,8,1108,8,1120,8,1107,8,1108,8,1115,8,1101,8,1109,8,1115,8,1104,9,1107,9,1112,9,1105,9,1122,9,1112,9,1104,9,1113,9,1115,9,1111,9,1113,9,1107,9,1112,9,1121,9,1126,9,1126,9,1114,9,1113,9,1101,9,1114,9,1117,9,1122,9,1121,9,1124,9,1117,9,1124,9,1127,9,1121,9,1121,9,1116,9,1117,9,1113,9,1120,9,1121,9,1113,9,1112,9,1114,9,1122,9,0,0,0,0,0,0,0,0,0,0,0,0,0,0,0,0,0,0,1117,8,1017,8,1963,1127,8,2012
597,白河　　,1102,8,1104,8,1107,8,1028,8,1025,8,1105,8,1106,8,1029,8,1108,8,1024,8,1024,8,1026,8,1103,8,1111,8,1030,8,1028,8,1105,8,1030,8,1029,8,1102,8,1030,8,1031,8,1103,8,1103,8,1111,8,1020,8,1114,8,1105,8,1030,8,1028,8,1027,8,1029,8,1030,8,1028,8,1031,9,1103,8,1101,8,1102,8,1110,8,1111,8,1108,8,1112,9,1107,9,1104,9,1106,9,0,0,0,0,0,0,0,0,0,0,0,0,0,0,0,0,0,0,0,0,0,0,0,0,0,0,0,0,0,0,0,0,0,0,0,0,0,0,0,0,0,0,0,0,0,0,0,0,0,0,0,0,0,0,0,0,0,0,0,0,0,0,0,0,0,0,0,0,0,0,0,0,1020,8,1978,1114,8,1979
598,小名浜　,1112,8,1118,8,1120,8,1117,8,1118,8,1116,8,1114,8,1112,8,1116,8,1114,8,1113,8,1114,8,1114,8,1118,8,1104,8,1108,8,1111,8,1118,8,1113,8,0,0,0,0,0,0,0,0,1118,8,1201,8,1117,8,1126,8,1107,8,1104,8,1105,8,1116,8,1130,8,1201,8,1125,8,1128,8,1128,8,1205,8,0,0,1201,8,1201,8,1211,8,1212,8,1121,8,1128,8,1121,8,1204,8,1125,8,1211,8,1201,8,1121,8,1125,8,1130,8,1201,8,1209,8,1202,8,0,0,0,0,0,0,0,0,0,0,0,0,0,0,0,0,0,0,0,0,0,0,0,0,0,0,0,0,0,0,0,0,0,0,0,0,0,0,0,0,0,0,0,0,0,0,0,0,0,0,0,0,1104,8,1981,1212,8,1994
600,輪島　　,1024,8,1028,8,1021,8,1030,8,1026,8,1020,8,1026,8,1028,8,1020,8,1013,8,1021,8,1023,8,1031,8,1107,8,1106,8,1029,8,1031,8,1103,8,1105,8,1112,8,1112,8,1111,8,1117,8,1108,8,1115,8,1108,8,1110,8,1105,8,1103,8,1102,8,1102,8,1101,8,1106,8,1029,9,1107,8,1118,8,1127,8,1126,8,1115,9,1110,9,1111,9,1129,9,1113,9,1113,9,1110,9,1116,9,1118,9,1110,9,1111,9,1118,9,1112,9,1121,9,1128,9,1120,9,1113,9,1118,9,1122,9,0,0,0,0,0,0,0,0,0,0,0,0,0,0,0,0,0,0,0,0,0,0,0,0,0,0,0,0,0,0,0,0,0,0,0,0,0,0,0,0,0,0,0,0,0,0,0,0,1013,8,1962,1129,8,1994
602,相川　　,1110,8,0,0,0,0,0,0,1110,8,0,0,1123,8,1117,8,1109,8,1107,8,1113,8,1114,8,0,0,1117,8,0,0,0,0,1119,8,0,0,0,0,0,0,0,0,1110,8,1101,8,0,0,0,0,1109,8,0,0,0,0,0,0,0,0,0,0,0,0,0,0,0,0,0,0,0,0,0,0,0,0,0,0,0,0,1106,8,1119,8,1101,9,1104,9,1114,8,1128,8,1121,8,1126,8,1122,8,0,0,0,0,0,0,0,0,0,0,0,0,0,0,0,0,0,0,0,0,0,0,0,0,0,0,0,0,0,0,0,0,0,0,0,0,0,0,0,0,0,0,0,0,0,0,0,0,0,0,0,0,0,0,0,0,0,0,0,0,0,0,0,0,1101,8,1995,1128,8,1998
604,新潟　　,0,0,0,0,0,0,1113,8,0,0,0,0,0,0,0,0,0,0,0,0,0,0,0,0,0,0,1101,8,1107,8,1106,8,1106,8,1106,8,1107,8,1110,8,1106,8,0,0,1108,8,1102,8,1115,8,1106,8,1112,8,1107,8,1106,8,1106,8,1105,8,1108,8,0,0,1112,8,1114,8,1114,8,1114,9,1110,9,1117,9,1106,9,1025,9,1122,9,1119,9,1113,9,1106,9,1127,9,1117,9,1114,9,1109,9,1111,9,1117,9,0,0,1123,9,1114,9,1115,9,1114,9,1108,9,1113,9,1117,9,1114,9,1117,9,1116,9,1106,9,1110,9,1113,9,1124,9,1122,9,1127,9,1127,9,1120,9,1123,9,0,0,0,0,0,0,0,0,0,0,0,0,0,0,0,0,0,0,1115,8,1025,8,1993,1127,8,2021
605,金沢　　,1122,8,1111,6,1111,8,1113,8,1109,6,1114,6,1121,6,1114,8,1128,8,1110,8,1031,8,1028,8,1104,8,1030,8,1025,8,1112,8,1113,8,1104,8,1106,8,1104,8,1107,8,1031,8,1105,8,1030,8,1110,8,1107,8,1114,8,1111,8,1111,8,1108,8,1110,8,1114,8,1127,8,1115,8,1118,8,1115,8,1125,8,1127,8,1118,9,1117,8,1126,8,1118,8,1116,8,1118,8,1201,8,1202,8,0,0,1128,8,1119,8,1113,8,1120,8,1124,8,1125,8,1201,8,1201,8,0,0,1127,8,1126,8,1125,8,1125,8,1129,8,1126,8,1122,8,1122,8,1129,8,1128,8,1126,8,1124,8,1124,8,1128,8,1201,8,0,0,0,0,0,0,0,0,0,0,0,0,0,0,0,0,0,0,1124,8,1025,8,1967,1202,8,1998
607,富山　　,0,0,1120,8,1106,8,0,0,0,0,0,0,1123,8,1122,8,1122,8,1123,8,1108,8,1110,8,1112,8,0,0,0,0,0,0,0,0,0,0,1115,8,1118,8,1118,8,1111,8,1116,8,1107,8,0,0,1118,8,1120,8,1105,8,1031,8,1119,8,1116,8,1112,8,1107,8,1108,9,1116,8,1111,8,1121,8,1126,8,1115,8,1112,8,1106,8,1128,9,1119,9,1113,8,1111,8,1201,8,0,0,1127,8,1126,8,1119,8,1125,8,1129,8,1129,8,1129,8,1130,8,1201,8,1124,8,1130,8,1201,8,1126,8,1126,8,1127,8,1203,8,1123,8,1124,8,1126,8,1120,8,1203,8,1122,8,1117,8,1127,8,0,0,0,0,0,0,0,0,0,0,0,0,0,0,0,0,0,0,1124,8,1031,8,1981,1203,8,2020
610,長野　　,1119,8,1108,8,1110,8,1117,8,1028,8,1103,8,1030,8,1029,8,1111,8,1031,8,1030,8,1027,8,1027,8,1107,8,1102,8,1025,8,1102,8,1104,8,1101,8,1029,8,1025,8,1030,8,1106,8,1025,8,1030,8,1031,8,1109,8,1103,8,1106,8,1116,8,1105,8,1028,8,1030,8,1024,8,1029,8,1031,8,1108,8,1110,8,1105,8,1108,8,1105,8,1116,8,1105,8,1106,8,1107,8,1119,8,1115,8,1113,8,1102,8,1114,8,1110,8,1102,8,1110,8,1111,8,1113,8,1112,8,1101,8,1111,8,1121,8,1119,8,1120,8,1119,8,1109,8,1120,8,1117,8,1119,8,1118,8,1118,8,1115,8,1114,8,1129,8,0,0,0,0,0,0,0,0,0,0,0,0,0,0,0,0,0,0,1112,8,1024,8,1986,1129,8,2023
612,高田　　,1121,8,1120,8,1110,8,1113,8,1102,8,1104,8,1114,8,1117,8,1114,8,1115,8,1115,8,1107,8,1114,8,1117,8,1115,8,1106,8,1103,8,1109,8,1105,8,1031,8,1102,8,1114,8,1116,8,1110,8,1121,8,1109,8,1110,8,1102,8,1110,8,1103,8,1029,8,1105,8,1106,8,1106,8,1111,8,1113,8,1121,8,1125,8,1116,8,1117,8,1114,8,1119,8,1112,8,1112,8,1107,8,1116,8,1116,8,1116,8,1113,8,1111,8,1121,8,1109,8,1114,8,1119,8,0,0,0,0,0,0,0,0,0,0,0,0,0,0,0,0,0,0,0,0,0,0,0,0,0,0,0,0,0,0,0,0,0,0,0,0,0,0,0,0,0,0,0,0,0,0,0,0,0,0,0,0,0,0,1029,8,1983,1125,8,1990
615,宇都宮　,1105,8,1106,8,1101,8,1107,8,1110,8,1110,8,1111,8,1115,8,1112,8,1110,8,1103,8,1108,8,1109,8,1115,8,1117,8,1105,8,1031,8,1101,8,1025,8,1029,8,1025,8,1031,8,1101,8,1105,8,1108,8,1107,8,1114,8,1114,8,1113,8,1102,8,1112,8,1116,8,1119,8,1112,8,1116,8,1115,8,1124,9,1119,9,1118,9,1114,9,1104,8,1116,8,1114,8,1102,8,1104,8,1111,8,1115,8,1116,8,1114,8,1111,8,1118,8,1108,8,1122,9,1125,9,1128,8,1129,8,1126,8,1127,8,1204,8,1129,8,1125,8,1126,8,1203,8,1118,8,1122,8,1109,8,1206,8,1207,8,1209,8,1202,8,1205,8,0,0,0,0,0,0,0,0,0,0,0,0,0,0,0,0,0,0,1120,8,1025,8,1973,1209,8,2021
616,福井　　,1010,8,0,0,0,0,1120,8,1026,8,1115,8,0,0,0,0,1104,8,1028,8,0,0,0,0,0,0,0,0,0,0,0,0,0,0,0,0,0,0,0,0,0,0,0,0,0,0,0,0,0,0,0,0,0,0,0,0,1108,8,1108,8,1111,8,1107,8,1113,8,1106,8,1117,8,1121,8,1129,8,1116,8,1118,8,1119,8,1116,8,1130,8,1120,8,1129,8,1125,8,1128,8,1206,8,1130,8,1126,8,1118,8,1203,8,1130,8,1130,8,1204,8,1129,8,1128,8,1127,8,1130,8,1206,8,1128,8,1126,8,1125,8,1203,8,1130,8,1129,8,1205,8,1201,8,1205,8,1201,8,1206,8,1208,8,0,0,0,0,0,0,0,0,0,0,0,0,0,0,0,0,0,0,1128,8,1010,8,1953,1208,8,2023
617,高山　　,1020,8,1013,8,1017,8,1020,8,1018,8,1024,8,1027,8,1104,8,1105,8,1026,8,1018,8,1014,8,1013,8,1020,8,1020,8,1018,8,1020,8,1025,8,1028,8,1025,8,1024,8,1024,8,1028,8,1017,8,1024,8,1026,8,1101,8,1030,8,1018,8,1026,8,1102,8,1029,8,1030,8,1104,9,1109,9,1108,9,1024,9,1102,8,1101,8,1030,8,1031,8,1107,8,1103,8,1024,8,1020,8,1111,8,1110,8,1110,8,1030,8,1104,8,1114,8,1117,8,0,0,0,0,0,0,0,0,0,0,0,0,0,0,0,0,0,0,0,0,0,0,0,0,0,0,0,0,0,0,0,0,0,0,0,0,0,0,0,0,0,0,0,0,0,0,0,0,0,0,0,0,0,0,0,0,0,0,1013,8,1965,1117,8,2004
618,松本　　,1023,8,1021,8,1021,8,1025,8,1007,8,1021,8,1025,8,1031,8,1024,8,1025,8,1018,8,1017,8,1016,8,1027,8,1020,8,1027,8,1020,8,1027,8,1024,8,1024,8,1023,8,1030,8,1025,8,1026,8,1027,8,1025,8,1024,8,1102,8,1021,8,1030,8,1102,8,1022,8,1024,8,1024,8,1021,8,1101,8,1028,8,1031,8,1105,8,1029,8,1101,8,1111,8,1101,8,1028,8,1022,8,1102,8,1107,8,1108,8,1103,8,1106,8,1031,8,1105,8,1107,8,1116,8,0,0,0,0,0,0,0,0,0,0,0,0,0,0,0,0,0,0,0,0,0,0,0,0,0,0,0,0,0,0,0,0,0,0,0,0,0,0,0,0,0,0,0,0,0,0,0,0,0,0,0,0,0,0,1007,8,1957,1116,8,2006
624,前橋　　,1102,6,1024,6,1030,6,1106,6,1101,6,1030,6,1107,6,1118,6,1108,6,1110,6,1106,6,1108,6,1125,6,1115,6,1104,6,1030,6,1110,6,1109,6,1105,6,1103,6,1030,6,1025,6,1116,6,1113,6,1116,6,1125,6,1120,6,1118,6,1112,6,1110,6,1107,6,1117,6,1122,6,1117,8,1126,8,1114,8,1204,8,1210,8,1127,8,1204,8,1215,8,1215,8,1204,8,1210,8,1210,8,1207,8,1207,8,1205,8,1206,8,1203,8,1210,8,1210,8,1219,8,1213,8,1210,8,1203,8,1128,8,1202,8,1213,8,1214,8,1204,8,1212,8,1216,8,0,0,0,0,0,0,0,0,0,0,1130,8,1202,8,1207,8,0,0,0,0,0,0,0,0,0,0,0,0,0,0,0,0,0,0,1208,8,1114,8,1988,1219,8,2005
626,熊谷　　,1130,8,1123,8,1116,8,1127,8,1125,8,1129,8,1204,8,1201,8,1129,8,0,0,0,0,0,0,0,0,0,0,0,0,0,0,0,0,0,0,0,0,0,0,0,0,0,0,0,0,0,0,0,0,0,0,0,0,0,0,1118,8,1115,8,1112,8,1112,8,1111,8,1104,8,1122,8,1118,8,1127,8,1128,8,1120,8,1201,8,1202,8,1130,8,1128,8,1122,8,1129,8,1201,8,1202,8,1127,8,1127,8,1125,8,1202,8,1209,8,1205,8,1211,8,1203,8,1126,8,1130,8,1129,8,1205,8,1203,8,1127,8,1129,8,1205,8,1126,8,1204,8,1208,8,1209,8,1207,8,1209,8,1205,8,1208,8,0,0,0,0,0,0,0,0,0,0,0,0,0,0,0,0,0,0,1201,8,1104,8,1986,1211,8,2006
629,水戸　　,1120,8,1118,8,1111,8,1120,8,1119,8,1115,8,0,0,0,0,1115,8,1115,8,1110,8,1115,8,1118,8,1125,8,1120,8,1120,8,1120,8,1115,8,1119,8,1117,8,1118,8,1116,8,1120,8,1118,8,1125,8,1111,8,1125,8,1117,8,1116,8,1126,8,1114,8,1117,8,1118,8,1120,8,1119,8,1114,8,1124,8,1127,8,1118,8,1115,8,1116,8,1115,8,1116,8,1121,8,1115,8,1124,8,1125,8,1125,8,1119,8,1115,8,1121,8,1125,8,1122,8,1127,8,1122,8,1120,8,1124,8,1116,8,1122,8,0,0,0,0,0,0,0,0,0,0,0,0,0,0,0,0,0,0,1125,8,1122,8,1127,8,0,0,0,0,0,0,0,0,0,0,0,0,0,0,0,0,0,0,1120,8,1110,8,1963,1127,8,2023
631,敦賀　　,1118,8,1124,8,1120,8,1124,8,1118,8,1117,8,1127,8,1206,8,1130,8,0,0,0,0,0,0,0,0,0,0,0,0,1112,8,0,0,0,0,1113,8,1125,8,1124,8,1124,8,1204,8,1124,8,1206,8,1130,8,1201,8,1125,8,1119,8,1205,8,1121,8,1119,8,1201,8,1114,8,0,0,1113,8,1112,8,1126,8,0,0,0,0,1118,8,1203,8,0,0,0,0,0,0,1219,8,1211,8,1216,8,0,0,0,0,0,0,0,0,0,0,0,0,0,0,0,0,0,0,0,0,0,0,0,0,0,0,0,0,0,0,0,0,0,0,0,0,0,0,0,0,0,0,0,0,0,0,0,0,0,0,0,0,0,0,0,0,0,0,0,0,0,0,0,0,0,0,1112,8,1989,1219,8,1998
632,岐阜　　,0,0,0,0,1102,8,0,0,0,0,0,0,0,0,0,0,0,0,0,0,0,0,1020,8,1003,8,1107,8,0,0,1101,8,0,0,0,0,1105,8,0,0,0,0,1103,8,0,0,1101,8,1101,8,1108,8,1120,8,1116,8,1117,8,1209,8,1129,8,1124,8,1125,8,1117,9,1124,9,1122,9,1125,9,1211,9,1126,9,1130,9,1129,9,1129,9,1120,9,1116,9,1111,9,1201,9,1129,9,1202,9,1122,9,1119,9,1130,9,1202,9,1128,9,1201,9,1130,9,1121,9,1120,9,1124,9,1206,9,1129,9,1128,9,1126,9,1126,9,1125,9,1124,9,1129,9,1126,9,1121,9,1129,9,1125,9,1127,9,0,0,0,0,0,0,0,0,0,0,0,0,0,0,0,0,0,0,1126,8,1003,8,1965,1211,8,1990
636,名古屋　,1116,8,1118,8,1114,8,1115,8,1110,8,1115,8,1129,8,1120,8,0,0,1126,8,1123,8,1119,8,1125,8,1120,8,1117,8,1119,8,1122,8,1111,8,1115,8,1119,8,0,0,1115,8,1119,8,1110,8,1125,8,1121,8,1124,8,1114,8,1111,8,1126,8,1114,8,1205,8,1122,8,1112,8,1119,8,1122,8,1208,8,1203,8,1203,8,1130,8,1206,8,1214,8,1122,8,1124,8,1114,8,1126,8,1125,8,1128,8,1122,8,1114,8,1128,8,1203,8,1128,8,1129,8,1126,8,1125,8,1127,8,1126,8,1201,8,1126,8,1122,8,1126,8,1201,8,1130,8,1128,8,1130,8,1205,8,1208,8,1129,8,1128,8,1127,8,0,0,0,0,0,0,0,0,0,0,0,0,0,0,0,0,0,0,1128,8,1110,8,1976,1214,8,1994
637,飯田　　,1015,8,1010,8,1010,8,1023,8,1028,8,1025,8,1028,8,1027,8,1110,8,1105,8,1101,8,1022,8,1018,8,1020,8,1018,8,1019,8,1015,8,1026,8,1026,8,1024,8,1021,8,1017,8,1027,8,1013,8,1022,8,1024,8,1104,8,1101,8,1024,8,1021,8,1104,8,1021,8,1108,8,1106,8,1108,8,1111,8,1110,8,1118,8,1125,8,1117,8,1113,8,1121,8,1118,8,1115,8,1108,8,1119,8,1117,8,1122,8,1116,8,1113,9,1120,9,1120,8,1115,8,0,0,0,0,0,0,0,0,0,0,0,0,0,0,0,0,0,0,0,0,0,0,0,0,0,0,0,0,0,0,0,0,0,0,0,0,0,0,0,0,0,0,0,0,0,0,0,0,0,0,0,0,0,0,0,0,1010,8,1955,1125,8,1991
638,甲府　　,1011,8,1116,8,1115,8,1025,8,1105,8,1110,8,1120,8,1114,8,1116,8,1120,8,1120,8,1122,8,1121,8,1119,8,1112,8,1115,8,1118,8,0,0,1105,8,0,0,0,0,0,0,0,0,0,0,0,0,1117,8,1121,8,1117,8,1115,8,1117,8,1117,8,1206,8,1125,8,1115,8,1119,8,1115,8,1114,8,1129,8,1120,8,1130,8,1124,8,1203,8,1128,8,1124,8,1119,8,1126,8,1201,8,1205,8,1127,8,1118,8,1201,8,1207,8,1128,8,1204,8,1205,8,1202,8,1130,8,1129,8,1204,8,1120,8,1129,8,1201,8,1207,8,0,0,0,0,0,0,1202,8,1204,8,1119,8,1201,8,1128,8,0,0,0,0,0,0,0,0,0,0,0,0,0,0,0,0,0,0,1129,8,1011,8,1953,1207,8,2015
648,銚子　　,0,0,0,0,0,0,0,0,0,0,0,0,0,0,0,0,0,0,0,0,0,0,0,0,0,0,0,0,0,0,0,0,0,0,0,0,0,0,0,0,0,0,0,0,0,0,0,0,0,0,0,0,0,0,0,0,0,0,0,0,0,0,0,0,0,0,0,0,0,0,0,0,0,0,0,0,0,0,0,0,0,0,0,0,0,0,0,0,0,0,0,0,1217,9,1207,9,1209,9,0,0,1211,9,1215,9,1205,9,1215,9,0,0,0,0,1211,9,1216,9,0,0,1210,9,1209,9,0,0,1210,9,1204,9,1205,9,1227,9,1213,9,1216,9,1203,9,1215,9,1208,9,0,0,0,0,0,0,0,0,0,0,0,0,0,0,0,0,0,0,1212,8,1203,8,2021,1227,8,2018
651,津　　　,1118,8,1110,8,1108,8,1110,8,1107,8,1110,8,1110,8,1112,8,1116,8,1114,8,1124,8,1124,8,1201,8,1115,8,1111,8,1129,8,1106,8,1116,8,1023,8,1022,8,1110,8,1120,8,1124,8,1112,8,1125,8,1110,8,1114,8,0,0,1108,8,1127,8,1110,8,1204,8,0,0,1119,8,1126,9,0,0,1126,8,1205,8,1130,8,1130,8,1208,8,1209,8,1204,8,1201,8,1202,8,1130,9,1125,9,1127,9,1126,9,1115,9,1126,9,1125,9,1125,9,1201,9,1124,9,1121,9,1120,9,1115,9,1122,9,1122,9,1120,9,1121,9,1130,9,1121,9,1115,9,1116,9,1123,9,1109,9,1208,9,1122,9,1124,9,0,0,0,0,0,0,0,0,0,0,0,0,0,0,0,0,0,0,1125,8,1022,8,1972,1209,8,1994
654,浜松　　,0,0,1113,8,1115,8,1116,8,1110,8,1111,8,0,0,0,0,0,0,1115,8,1028,8,1107,8,0,0,0,0,0,0,0,0,1113,8,1111,8,1111,8,0,0,0,0,1111,8,1111,8,1008,8,1028,8,1123,8,1130,8,1115,8,1117,8,1103,8,1124,8,1121,8,1207,8,1127,9,1203,9,1122,9,1204,9,1205,9,1122,9,1124,9,1130,9,1207,9,1119,9,1126,9,1128,9,1206,9,1215,9,1204,9,1204,9,1120,9,1208,9,1210,9,0,0,0,0,0,0,0,0,0,0,0,0,0,0,0,0,0,0,0,0,0,0,0,0,0,0,0,0,0,0,0,0,0,0,0,0,0,0,0,0,0,0,0,0,0,0,0,0,0,0,0,0,0,0,0,0,0,0,1008,8,1976,1215,8,1999
656,静岡　　,0,0,1124,8,0,0,1212,8,1212,8,0,0,0,0,0,0,0,0,0,0,0,0,1206,8,0,0,0,0,0,0,0,0,0,0,0,0,0,0,0,0,0,0,0,0,0,0,0,0,0,0,0,0,0,0,0,0,1120,8,1206,8,1128,8,1201,8,1205,8,1203,8,1214,8,1203,8,1127,8,1204,8,1125,8,1130,8,1215,8,1217,8,1214,8,1211,8,1215,8,1215,8,1217,8,1211,8,1204,8,1122,8,1207,8,1205,8,1128,8,1206,8,1128,8,1129,8,1201,8,1204,8,1205,8,1203,8,1130,8,1128,8,1207,8,1202,8,1129,8,1208,8,1207,8,1207,8,1203,8,1208,8,1204,8,0,0,0,0,0,0,0,0,0,0,0,0,0,0,0,0,0,0,1205,8,1120,8,1981,1217,8,1999
662,東京　　,1108,8,1113,8,1109,8,0,0,1115,8,0,0,0,0,0,0,0,0,0,0,0,0,0,0,0,0,0,0,0,0,0,0,0,0,0,0,0,0,0,0,0,0,0,0,0,0,0,0,0,0,0,0,0,0,0,0,1121,8,0,0,1124,8,1127,8,1202,8,1125,9,1127,9,1201,9,1204,9,1205,9,1129,9,1126,9,1204,9,1128,8,1128,8,1115,8,1122,8,1202,8,1202,8,1126,8,1123,8,1120,8,1128,8,1130,8,1125,8,1129,8,1126,8,1130,8,1126,8,1202,8,1201,8,1129,8,1128,8,1125,8,1204,8,1130,8,1129,9,1126,9,1127,9,1127,9,1127,9,1126,9,1129,9,0,0,0,0,0,0,0,0,0,0,0,0,0,0,0,0,0,0,1128,8,1108,8,1953,1205,8,1990
663,尾鷲　　,1125,8,1201,8,1120,8,1128,8,0,0,0,0,1210,8,1217,8,1211,8,0,0,1030,8,0,0,0,0,0,0,0,0,1104,8,0,0,0,0,1104,8,1119,8,1121,8,1125,8,1124,8,1120,8,1203,8,1203,8,1202,8,1123,8,1118,8,1202,8,1126,8,1204,8,1127,8,1128,8,1126,8,1128,8,1128,8,1209,8,1127,8,1107,8,1205,8,1209,8,1129,8,1121,9,1118,9,0,0,1130,9,1205,8,1201,8,1115,8,1212,8,1207,8,1127,8,1216,8,0,0,0,0,0,0,0,0,0,0,0,0,0,0,0,0,0,0,0,0,0,0,0,0,0,0,0,0,0,0,0,0,0,0,0,0,0,0,0,0,0,0,0,0,0,0,0,0,0,0,0,0,0,0,1030,8,1963,1217,8,1960
670,横浜　　,0,0,0,0,0,0,1118,8,1125,8,1110,8,1124,8,1124,8,1124,8,1122,8,1101,8,0,0,0,0,1127,8,0,0,0,0,0,0,0,0,0,0,0,0,0,0,0,0,0,0,0,0,0,0,0,0,0,0,0,0,0,0,0,0,0,0,0,0,0,0,1125,9,1214,8,1220,8,1219,8,1230,8,1213,8,1207,8,1216,8,1209,8,1204,8,1208,8,1207,8,1215,8,1213,8,1211,8,1210,8,1203,8,1224,8,1227,8,1219,8,1218,8,1209,8,1208,8,1222,8,1220,8,1219,8,1215,8,1216,8,1216,8,1215,8,0,0,1204,8,1223,8,1216,8,1222,8,1224,8,1219,8,1221,8,0,0,0,0,0,0,0,0,0,0,0,0,0,0,0,0,0,0,1214,8,1101,8,1963,1230,8,1990
672,館山　　,0,0,0,0,0,0,0,0,0,0,0,0,0,0,0,0,0,0,0,0,0,0,0,0,0,0,0,0,0,0,0,0,0,0,0,0,0,0,0,0,0,0,0,0,0,0,0,0,0,0,0,0,0,0,1211,8,1203,8,1210,8,1206,8,1130,8,1205,8,1208,8,1210,8,1206,8,1207,8,1213,8,1217,8,1218,8,1219,8,1225,8,1210,8,1210,8,1216,8,0,0,1213,8,1212,8,1214,8,0,0,1213,8,1215,8,1208,8,0,0,0,0,0,0,0,0,0,0,0,0,0,0,0,0,0,0,0,0,0,0,0,0,0,0,0,0,0,0,0,0,0,0,0,0,0,0,0,0,0,0,0,0,0,0,0,0,0,0,0,0,0,0,0,0,1130,8,1984,1225,8,1994
675,大島　　,1116,8,1122,8,0,0,0,0,0,0,0,0,0,0,0,0,0,0,0,0,1202,8,1205,8,0,0,0,0,0,0,0,0,0,0,0,0,0,0,0,0,0,0,0,0,1210,8,1130,8,0,0,0,0,0,0,0,0,0,0,0,0,0,0,0,0,0,0,0,0,0,0,0,0,0,0,0,0,0,0,0,0,1208,8,1210,8,1205,8,1208,8,1207,8,0,0,0,0,1201,8,1126,8,0,0,1209,8,0,0,1206,8,1206,8,1213,8,1205,8,0,0,0,0,0,0,0,0,0,0,0,0,0,0,0,0,0,0,0,0,0,0,0,0,0,0,0,0,0,0,0,0,0,0,0,0,0,0,0,0,0,0,0,0,0,0,0,0,0,0,1116,8,1953,1213,8,2007
677,三宅島　,0,0,0,0,0,0,1015,8,0,0,0,0,0,0,0,0,0,0,0,0,0,0,0,0,0,0,0,0,0,0,0,0,0,0,0,0,0,0,0,0,0,0,0,0,0,0,0,0,0,0,0,0,0,0,0,0,0,0,0,0,0,0,0,0,0,0,0,0,0,0,0,0,0,0,0,0,0,0,0,0,0,0,0,0,0,0,0,0,0,0,0,0,0,0,0,0,0,0,0,0,0,0,0,0,0,0,0,0,0,0,0,0,0,0,0,0,0,0,0,0,0,0,0,0,0,0,0,0,0,0,0,0,0,0,0,0,0,0,0,0,0,0,0,0,0,0,0,0,0,0,0,0,0,0,0,0,0,0,0,0,0,0,1015,8,1956,1015,8,1956
678,八丈島　,1217,8,1028,8,1029,8,1205,8,0,0,0,0,0,0,0,0,0,0,0,0,0,0,0,0,0,0,1129,8,1130,8,1216,8,1201,8,1205,8,1213,8,1211,8,1129,8,1127,8,0,0,1211,8,0,0,0,0,0,0,0,0,1203,8,0,0,0,0,1221,8,1212,8,1213,8,1214,8,1218,8,1220,8,1223,8,1224,8,1216,8,0,0,0,0,0,0,1218,8,101,8,1216,8,1227,8,107,8,1220,8,115,8,1225,9,1227,9,1226,9,1221,9,1222,9,1218,9,0,0,0,0,0,0,0,0,0,0,0,0,0,0,0,0,0,0,0,0,0,0,0,0,0,0,0,0,0,0,0,0,0,0,0,0,0,0,0,0,0,0,0,0,0,0,0,0,0,0,1028,8,1954,115,8,2003
740,西郷　　,1128,8,1128,8,1115,8,1120,8,1127,8,1115,8,1110,8,1110,8,1118,8,1023,8,1113,8,1121,8,1116,8,1113,8,1117,8,1112,8,1116,8,1120,8,1115,8,1117,8,1119,8,1120,8,1120,8,1113,8,1119,8,1117,8,1121,8,1117,8,1111,8,1120,8,1121,8,1109,8,1126,8,1119,8,1124,8,1110,8,1206,8,1222,8,1223,8,1229,8,1221,8,1226,8,1212,8,1214,8,1128,8,1208,8,1129,8,1212,8,1214,8,1210,8,1201,8,1216,9,1207,8,1218,8,1213,8,0,0,0,0,0,0,0,0,0,0,0,0,0,0,0,0,0,0,0,0,0,0,0,0,0,0,0,0,0,0,0,0,0,0,0,0,0,0,0,0,0,0,0,0,0,0,0,0,0,0,0,0,1023,8,1962,1229,8,1992
741,松江　　,0,0,0,0,0,0,0,0,0,0,0,0,0,0,0,0,0,0,0,0,0,0,0,0,0,0,0,0,0,0,0,0,0,0,0,0,0,0,0,0,1104,8,1105,8,1107,8,1101,8,1113,8,1116,8,1112,8,1111,8,1111,8,1118,8,1128,8,1109,8,1123,8,1107,8,1117,8,1115,8,1117,8,1128,8,1121,8,1124,8,1130,8,1201,8,1120,8,1124,8,1113,8,1126,8,1119,8,1129,8,1126,8,1118,8,1120,8,1126,8,1125,8,1127,8,1130,8,1201,8,1127,8,1124,8,1202,8,1127,8,1122,8,1121,8,1120,8,1111,8,1121,8,1122,8,1125,8,1116,8,0,0,0,0,0,0,0,0,0,0,0,0,0,0,0,0,0,0,0,0,0,0,0,0,1124,8,1101,8,1976,1202,8,2011
744,米子　　,0,0,0,0,1115,8,1110,8,1121,8,1122,8,1126,8,1125,8,1125,8,1120,8,1104,8,1113,8,1115,8,1109,8,1117,8,1105,8,1103,8,1105,8,1112,8,1105,8,1106,8,1106,8,1106,8,1102,8,1113,8,1110,8,1110,8,1106,8,1110,8,1106,8,1107,8,1120,8,1116,8,1114,8,1127,8,1117,8,1124,8,1128,8,1122,8,1102,8,1125,8,1129,8,1118,8,1120,8,1117,8,1126,8,1123,8,1127,8,1113,8,1117,8,1121,8,1125,8,1125,8,1126,8,1126,8,0,0,0,0,0,0,0,0,0,0,0,0,0,0,0,0,0,0,0,0,0,0,0,0,0,0,0,0,0,0,0,0,0,0,0,0,0,0,0,0,0,0,0,0,0,0,0,0,0,0,0,0,1102,8,1992,1129,8,1994
746,鳥取　　,1120,8,1120,8,1120,8,1120,8,1121,8,1120,8,1121,8,1113,8,1115,8,1120,8,1118,8,1118,8,1115,8,1120,8,1121,8,1118,8,1118,8,1118,8,1112,8,1115,8,1115,8,1121,8,1127,8,1119,8,1127,8,1126,8,1121,8,1114,8,1118,8,1203,8,1118,8,1118,8,1125,8,1114,9,1120,9,1118,9,1126,9,1201,9,1122,9,1125,9,1130,9,1202,9,1122,9,1120,9,1120,9,1129,9,1122,9,1123,9,1124,9,1115,9,1204,9,1207,9,1207,9,1208,9,1129,9,1203,9,1207,9,1204,9,1209,9,1203,9,1202,9,1126,9,1204,9,1205,9,1130,9,1205,9,1205,9,1206,9,1203,9,1209,9,1204,9,0,0,0,0,0,0,0,0,0,0,0,0,0,0,0,0,0,0,1130,8,1112,8,1971,1209,8,2022
747,豊岡　　,0,0,0,0,0,0,0,0,0,0,0,0,1112,8,1110,8,1107,8,1106,8,1120,8,1111,8,1118,8,0,0,1110,8,1102,8,1110,8,1116,8,1108,8,0,0,0,0,0,0,1117,8,1114,8,1124,8,1111,8,1118,8,1113,8,1111,8,1024,8,1116,8,1109,8,1120,8,1118,8,1116,8,1122,8,1127,8,1129,8,1121,8,1124,8,1121,8,1202,8,1114,8,1117,8,1114,8,1128,8,1124,8,1125,8,1125,8,1111,8,1201,8,1203,8,1124,8,1208,8,0,0,0,0,0,0,0,0,0,0,0,0,0,0,0,0,0,0,0,0,0,0,0,0,0,0,0,0,0,0,0,0,0,0,0,0,0,0,0,0,0,0,0,0,0,0,0,0,0,0,0,0,0,0,1024,8,1982,1208,8,2006
750,舞鶴　　,0,0,0,0,0,0,0,0,0,0,0,0,0,0,0,0,0,0,0,0,1107,8,1105,8,1114,8,1111,8,1108,8,1115,8,1119,8,1117,8,1114,8,1112,8,1115,8,1108,8,1109,8,1101,8,1112,8,1109,8,1120,8,1110,8,1108,8,1115,8,1110,8,1113,8,1121,8,1107,9,1116,9,1128,8,1127,8,1203,8,1201,8,1201,8,1203,8,1213,8,1205,8,1205,8,1112,8,1201,8,1204,8,1206,8,1204,8,1128,8,1202,8,1209,8,1202,8,1208,8,1204,8,1205,8,1130,8,1206,8,1222,8,0,0,0,0,0,0,0,0,0,0,0,0,0,0,0,0,0,0,0,0,0,0,0,0,0,0,0,0,0,0,0,0,0,0,0,0,0,0,0,0,0,0,0,0,1101,8,1976,1222,8,2011
755,浜田　　,0,0,0,0,0,0,1026,8,1103,8,1201,8,1202,8,1126,8,1113,8,1107,8,1110,8,1117,8,1120,8,1125,8,1126,8,1123,8,1124,8,1116,8,1124,8,1113,8,1111,8,1111,8,1115,8,1114,8,1116,8,1121,8,1122,8,1108,8,1028,8,1209,8,1121,8,1125,8,1205,8,1117,9,1125,9,1118,9,1120,9,1203,9,1201,9,1124,9,1124,9,1202,9,1204,9,0,0,1126,9,1130,9,1130,9,1128,9,1120,9,1119,9,1125,9,1127,9,1123,9,0,0,0,0,0,0,0,0,0,0,0,0,0,0,0,0,0,0,0,0,0,0,0,0,0,0,0,0,0,0,0,0,0,0,0,0,0,0,0,0,0,0,0,0,0,0,0,0,0,0,0,0,0,0,0,0,1026,8,1956,1209,8,1982
759,京都　　,0,0,0,0,0,0,1115,8,1123,8,1209,8,1118,8,1122,8,0,0,0,0,0,0,0,0,0,0,0,0,0,0,0,0,0,0,0,0,0,0,0,0,0,0,1122,8,1128,8,1110,8,1201,8,1123,8,1130,8,1122,8,1120,8,1213,8,1208,8,1201,8,1205,8,1202,8,1208,8,1128,8,1206,8,1205,8,1201,8,1206,8,1206,8,1208,8,1202,8,1128,8,1124,8,1130,8,1130,8,1210,8,1130,8,1121,8,1209,8,1202,8,1128,8,1207,8,1208,8,1205,8,1206,8,1213,8,1214,8,1207,9,1205,9,1209,9,1214,9,1206,9,1201,9,1212,9,1210,9,1207,9,0,0,1212,9,1213,9,0,0,0,0,0,0,0,0,0,0,0,0,0,0,0,0,0,0,1205,8,1110,8,1976,1214,8,2015
761,彦根　　,1110,8,1107,8,1109,8,1121,8,1113,8,1112,8,1119,8,1122,8,1123,8,1129,8,1122,8,1120,8,1112,8,1120,8,1123,8,1115,8,1120,8,1116,8,1126,8,1125,8,1116,8,1102,8,1118,8,1112,8,1130,8,1116,8,1122,8,1105,8,1122,8,1204,8,0,0,1105,8,1126,8,1114,9,1124,9,1124,8,1127,8,1201,8,1125,8,1126,8,1117,9,1122,9,1128,8,1125,9,1117,8,1130,8,1129,8,1130,9,1126,9,1120,9,1128,9,1205,9,1125,9,1201,9,1128,9,1127,9,1124,9,1126,9,1128,9,1128,9,1129,9,1201,9,1207,9,1201,9,1127,9,1206,9,1204,9,1204,9,1206,9,1130,9,1201,9,0,0,0,0,0,0,0,0,0,0,0,0,0,0,0,0,0,0,1128,8,1102,8,1974,1207,8,2015
762,下関　　,0,0,1118,8,1116,8,1120,8,1113,8,1106,8,1115,8,1115,8,1115,8,1118,8,0,0,0,0,0,0,0,0,0,0,0,0,0,0,0,0,0,0,0,0,0,0,0,0,0,0,1126,8,1205,8,1126,8,1127,8,0,0,0,0,1130,8,1128,8,1122,8,0,0,1127,8,1207,8,1212,8,1202,8,1129,8,1129,9,0,0,1202,8,1207,8,1123,8,1130,8,1130,8,1202,8,1206,8,1209,8,1201,8,1128,9,1208,8,104,8,1204,8,1222,8,1201,8,1202,8,1130,8,1205,8,1209,8,1204,8,1202,8,1203,8,1216,8,1212,8,1202,8,1203,8,1210,8,1214,8,1207,8,1212,8,1129,8,0,0,0,0,0,0,0,0,0,0,0,0,0,0,0,0,0,0,1206,8,1106,8,1958,104,8,2005
765,広島　　,1111,8,1113,8,0,0,1120,8,1112,8,1123,8,0,0,1130,8,1208,8,1201,8,1112,8,1115,8,1117,8,1126,8,1110,8,1124,8,1129,8,1206,8,1126,8,1121,8,1125,8,1125,8,1110,8,1108,8,1127,8,1116,8,1124,8,1120,8,1115,8,1111,8,1116,8,1112,8,1116,8,1111,8,1125,8,1126,9,1124,9,1126,9,0,0,1114,9,1120,9,1127,9,1119,9,1121,9,1113,9,1125,9,1125,9,1124,9,1119,9,1113,9,1125,9,1124,9,1118,9,1125,9,1124,9,1123,9,1120,9,1124,9,1128,9,1120,9,1120,9,1118,9,1130,9,1122,9,1120,9,1122,9,1125,9,1124,9,1122,9,1126,9,1124,9,0,0,0,0,0,0,0,0,0,0,0,0,0,0,0,0,0,0,1122,8,1108,8,1976,1208,8,1961
768,岡山　　,1108,8,0,0,1109,8,1120,8,1116,8,1120,8,1121,8,1116,8,1115,8,1125,8,1114,8,1114,8,1115,8,1119,8,1126,8,1107,8,1106,8,1104,8,1120,8,1117,8,1118,8,1117,8,1129,8,1117,8,1202,8,1120,8,1117,8,1118,8,1117,8,1205,8,1201,8,1130,8,1127,8,1123,9,1126,9,1127,9,1124,9,1203,9,1130,9,1129,9,1129,9,1205,9,1126,9,1202,9,0,0,1129,9,1130,9,1212,9,1212,9,1128,9,0,0,1129,9,1117,9,1127,9,1130,9,1202,9,1126,9,1130,9,1201,9,1127,9,1129,9,1127,9,1202,9,1128,9,1120,9,1126,9,1122,9,1119,9,1122,9,1130,9,1127,9,0,0,0,0,0,0,0,0,0,0,0,0,0,0,0,0,0,0,1129,8,1104,8,1970,1212,8,2001
770,神戸　　,1126,8,1205,8,1120,8,1127,8,1202,8,1126,8,1205,8,1127,8,1205,8,1126,8,1125,8,1120,8,1128,8,1124,8,1125,8,1127,8,1128,8,1207,8,1125,8,1130,8,1122,8,1111,8,1128,8,1129,8,1203,8,1202,8,1205,8,1209,8,1114,8,1210,8,1206,8,1208,8,1207,8,1202,8,1211,8,1203,8,1205,8,1210,8,1130,8,1127,8,1127,8,1205,8,1204,8,1211,8,1210,8,1204,8,1206,9,1128,8,1126,8,1118,8,1203,8,0,0,1207,8,0,0,0,0,1130,8,0,0,1128,8,1211,8,1126,8,1124,8,1125,8,1204,8,1201,8,1127,8,1130,8,1127,8,1204,8,1122,8,1129,8,1124,8,0,0,0,0,0,0,0,0,0,0,0,0,0,0,0,0,0,0,1201,8,1111,8,1974,1211,8,2011
772,大阪　　,0,0,0,0,0,0,0,0,0,0,0,0,0,0,0,0,0,0,0,0,0,0,0,0,0,0,0,0,0,0,0,0,0,0,0,0,0,0,0,0,0,0,0,0,0,0,0,0,0,0,0,0,0,0,0,0,0,0,0,0,0,0,0,0,0,0,0,0,1201,9,1122,9,1206,9,1212,9,1203,9,1201,9,1207,9,1206,9,1130,9,1203,9,1127,9,1202,9,1207,9,1210,9,1129,9,1123,9,1202,9,1203,9,1201,9,1130,9,1129,9,1130,9,1127,9,1130,9,1202,9,1127,9,1127,9,1127,9,1207,9,1130,9,1124,9,1128,9,1129,9,1201,9,1130,9,1125,9,1205,9,0,0,0,0,0,0,0,0,0,0,0,0,0,0,0,0,0,0,1201,8,1122,8,1988,1212,8,1990
776,洲本　　,0,0,1205,8,1119,8,1123,8,1124,8,1127,8,1120,8,1112,8,1120,8,1121,8,1118,8,1122,8,1129,8,1128,8,1127,8,1123,8,1126,8,1124,8,1121,8,1124,8,1124,8,1122,8,1128,8,1122,8,1204,8,1121,8,1124,8,1119,8,1116,8,1124,8,1121,8,1119,8,1125,8,1118,8,1129,8,1129,8,1129,8,1206,8,1130,8,1201,8,1201,8,1209,8,1127,8,1130,8,1125,8,1205,8,1206,8,1201,8,1126,8,1121,8,0,0,0,0,0,0,0,0,0,0,0,0,0,0,0,0,0,0,0,0,0,0,0,0,0,0,0,0,0,0,0,0,0,0,0,0,0,0,0,0,0,0,0,0,0,0,0,0,0,0,0,0,0,0,0,0,0,0,0,0,0,0,1112,8,1960,1209,8,1994
777,和歌山　,1108,8,1115,8,1110,8,0,0,1128,8,1202,8,1204,8,1208,8,1218,8,1125,8,1126,8,1128,8,1128,8,1125,8,1120,8,1115,8,1120,8,1115,8,1123,8,1120,8,1201,8,1120,8,1130,8,0,0,1126,8,1125,8,1126,8,0,0,1201,8,1206,8,1205,8,1208,8,1209,8,1121,9,1207,9,1201,9,1211,8,1128,9,1121,9,1127,9,1128,9,1202,9,1127,9,1128,9,1125,9,1202,9,1203,9,1211,9,1130,9,1126,9,1202,9,1209,9,1212,9,1221,9,1210,9,1208,9,1207,9,1210,9,1215,9,1206,9,1209,9,1211,9,1211,9,1212,9,1205,9,1211,9,1213,9,1214,9,1210,9,1212,9,1207,9,0,0,0,0,0,0,0,0,0,0,0,0,0,0,0,0,0,0,1206,8,1108,8,1953,1221,8,2006
778,潮岬　　,0,0,0,0,0,0,0,0,0,0,0,0,0,0,0,0,0,0,0,0,0,0,0,0,0,0,0,0,0,0,0,0,0,0,0,0,0,0,0,0,0,0,0,0,0,0,0,0,0,0,0,0,0,0,0,0,0,0,0,0,0,0,0,0,0,0,0,0,0,0,0,0,0,0,0,0,0,0,1212,8,0,0,0,0,0,0,0,0,0,0,0,0,0,0,0,0,0,0,0,0,0,0,0,0,0,0,0,0,0,0,0,0,0,0,0,0,0,0,0,0,0,0,0,0,0,0,0,0,0,0,0,0,0,0,0,0,0,0,0,0,0,0,0,0,0,0,0,0,0,0,0,0,0,0,0,0,0,0,0,0,0,0,1212,8,1992,1212,8,1992
780,奈良　　,1105,8,1028,8,1030,8,1029,8,1030,8,1029,8,0,0,1105,8,1117,8,1123,8,1122,8,1009,8,1117,8,1117,8,1106,8,1115,8,1109,8,1116,8,1117,8,1107,8,1105,8,1105,8,1111,8,1113,8,1121,8,1115,8,1124,8,1108,8,1105,8,1110,8,1109,8,1113,8,1125,8,1114,8,1108,8,1104,8,1116,8,1117,8,1106,8,1104,8,1129,8,1116,8,1111,8,1124,8,1112,8,1124,8,1117,8,1121,8,1119,8,1111,8,1120,8,1128,8,1128,8,1127,8,1130,8,1128,8,1122,8,1130,8,1202,8,1125,8,1128,8,1126,8,1207,8,1204,8,1109,9,1114,9,1115,9,1113,9,1115,9,1114,9,1120,9,0,0,0,0,0,0,0,0,0,0,0,0,0,0,0,0,0,0,1121,8,1009,8,1964,1207,8,2015
800,厳原　　,1123,8,1130,8,1123,8,1126,8,1201,8,1111,8,0,0,1118,8,1124,8,1123,8,1129,8,1124,8,1115,8,1118,8,0,0,1125,8,1125,8,0,0,0,0,1120,8,1118,8,1120,8,1206,8,1129,8,1203,8,1118,8,1123,8,1121,8,1118,8,1124,8,1120,8,1123,8,1120,8,1116,9,1121,9,1121,9,1118,9,1118,9,1125,9,1122,9,1202,9,1124,9,1117,9,1122,9,1123,9,1128,9,1126,9,1123,9,1122,9,1116,9,1202,9,1127,9,1128,9,1204,9,1117,9,1120,9,0,0,0,0,0,0,0,0,0,0,0,0,0,0,0,0,0,0,0,0,0,0,0,0,0,0,0,0,0,0,0,0,0,0,0,0,0,0,0,0,0,0,0,0,0,0,0,0,0,0,1111,8,1958,1206,8,1975
807,福岡　　,0,0,0,0,1102,8,1112,8,1102,8,1028,8,1110,8,1105,8,1012,8,1107,8,1102,8,0,0,0,0,0,0,1028,8,1024,8,1031,8,0,0,1115,8,1112,8,1020,8,1102,8,1031,8,1110,8,1125,8,1117,8,1122,8,1120,8,1116,8,1108,8,1110,8,1120,8,1108,8,1110,9,1130,8,1121,8,1127,8,1201,8,1125,8,1124,8,1129,8,1128,8,1116,8,1126,8,1126,8,1130,8,1206,8,1205,8,1203,8,1108,8,1210,8,1205,8,1201,8,1203,8,1128,8,1127,8,1201,8,1203,8,1210,8,1128,8,1210,8,0,0,1216,8,1210,8,1130,8,1205,8,1208,8,1205,8,1201,8,1206,8,1130,8,0,0,0,0,0,0,0,0,0,0,0,0,0,0,0,0,0,0,1201,8,1012,8,1961,1216,8,2015
813,佐賀　　,0,0,1124,8,1114,8,1124,8,1112,8,1114,8,1129,8,1130,8,1204,8,1127,8,1122,8,1123,8,1122,8,1118,8,1120,8,1125,8,1128,8,1125,8,1125,8,1123,8,1117,8,1105,8,1110,8,1113,8,1122,8,1114,8,1123,8,1107,8,1118,8,1117,8,1122,8,1122,8,1123,8,1111,8,1119,8,1116,8,1125,8,1122,8,1118,8,1113,8,1129,8,1129,8,1120,9,1124,8,1115,8,1201,8,1130,8,1201,8,1125,8,1121,8,1215,8,1207,8,1205,8,104,8,1130,8,1125,8,1201,8,1124,8,1205,8,1129,8,1130,8,1125,8,1203,8,1202,8,1128,8,1128,8,0,0,1208,8,1203,8,1207,8,1128,8,0,0,0,0,0,0,0,0,0,0,0,0,0,0,0,0,0,0,1130,8,1105,8,1974,104,8,2007
815,大分　　,0,0,0,0,0,0,0,0,0,0,1120,8,0,0,0,0,1120,8,0,0,1118,8,1119,8,1117,8,1115,8,1112,8,1121,8,0,0,0,0,0,0,1201,8,0,0,0,0,1204,8,1122,8,1125,8,1205,8,1124,8,1121,8,1114,8,0,0,1122,8,1124,8,1123,8,1114,9,1127,9,1116,9,1128,9,1123,9,1205,8,1201,8,1130,8,1125,9,1129,9,1123,9,1127,9,1201,9,0,0,1204,9,1127,9,1118,9,1205,9,1124,9,1201,9,1204,9,1130,9,1125,9,1126,9,1129,9,1201,9,1122,9,1128,9,1121,9,1130,9,1201,9,1127,9,1126,9,1126,9,1127,9,1122,9,1124,8,1122,8,0,0,0,0,0,0,0,0,0,0,0,0,0,0,0,0,0,0,1128,8,1112,8,1967,1205,8,2003
817,長崎　　,1101,8,1110,8,1110,8,1020,8,1021,8,1103,8,1111,8,1111,8,1114,8,1111,8,1101,8,1107,8,1110,8,1110,8,1105,8,1108,8,1108,8,1107,8,1103,8,1128,8,1126,8,1124,8,1120,8,1110,8,1125,8,1123,8,1126,8,1117,8,1120,8,1126,8,1128,8,1202,8,1127,8,1125,8,1205,8,1125,8,1203,8,1130,8,0,0,1128,8,1204,8,1203,8,1122,8,1207,8,1207,8,1207,8,1204,8,1203,8,1202,8,1127,8,1216,8,108,8,1202,8,0,0,1128,8,1201,8,1211,8,1211,8,1215,8,1130,8,1130,8,1210,8,1221,8,1213,8,1205,8,1210,8,1215,8,1214,8,1210,8,1222,8,0,0,0,0,0,0,0,0,0,0,0,0,0,0,0,0,0,0,0,0,1207,8,1020,8,1956,108,8,2005
819,熊本　　,1120,8,1111,8,1106,8,1115,8,0,0,0,0,0,0,0,0,0,0,0,0,1101,8,1118,8,1123,8,1129,8,1122,8,1120,8,1115,8,1120,8,1122,8,1116,8,1115,8,1115,8,1123,8,1112,8,1213,8,1221,8,102,8,1206,8,0,0,1127,8,1120,8,1126,8,1209,8,1206,8,1202,8,1125,8,1211,8,1213,8,1123,8,1127,8,1203,8,1206,8,1126,8,1202,8,1130,8,1208,8,1208,8,1202,8,1206,8,1124,8,1213,8,1206,8,1202,8,1206,8,1202,8,1201,8,1204,8,1123,8,1201,8,1122,8,1209,8,1127,8,1216,8,1130,8,1129,8,0,0,1204,9,1204,9,1129,9,1212,9,1206,9,0,0,0,0,0,0,0,0,0,0,0,0,0,0,0,0,0,0,1202,8,1101,8,1963,102,8,1980
822,延岡　　,0,0,0,0,0,0,0,0,0,0,0,0,0,0,0,0,0,0,1125,8,1104,8,1103,8,1102,8,1114,8,1121,8,1103,8,1030,8,1107,8,1121,8,1124,8,1122,8,1127,8,1205,8,1204,8,1202,8,1202,8,1126,8,1122,8,1117,8,1125,8,1117,8,1205,8,1127,8,1121,8,1201,8,1121,8,1124,8,1120,9,1129,8,1130,8,1210,8,1209,8,0,0,0,0,0,0,0,0,0,0,0,0,0,0,0,0,0,0,0,0,0,0,0,0,0,0,0,0,0,0,0,0,0,0,0,0,0,0,0,0,0,0,0,0,0,0,0,0,0,0,0,0,0,0,0,0,0,0,0,0,0,0,0,0,0,0,0,0,0,0,0,0,0,0,0,0,0,0,1030,8,1969,1210,8,1993
827,鹿児島　,0,0,0,0,0,0,0,0,0,0,0,0,0,0,0,0,0,0,1117,8,1112,8,0,0,0,0,0,0,1022,8,0,0,0,0,1122,8,0,0,0,0,0,0,1114,8,1201,8,1201,8,1203,8,1124,8,1122,8,1201,8,1117,8,1208,8,1129,8,1124,8,1206,8,1128,8,1207,8,1203,8,1202,8,1207,8,0,0,1201,8,1213,8,1228,8,1205,8,1215,8,110,8,114,8,1231,8,1204,8,1205,8,1216,8,1217,8,109,8,1208,8,1225,8,1209,8,1205,8,1207,8,1202,8,1206,8,0,0,1208,8,0,0,1209,8,1212,8,1130,8,1219,8,1210,8,1224,8,1201,8,1209,8,1127,8,0,0,0,0,0,0,0,0,0,0,0,0,0,0,0,0,0,0,1215,8,1022,8,1967,114,8,1999
830,宮崎　　,0,0,0,0,0,0,1120,8,1123,8,1115,8,1128,8,1117,8,1202,8,1127,8,1115,8,1124,8,1130,8,1118,8,1112,8,1111,8,1120,8,1118,8,1122,8,1125,8,1125,8,1120,8,1126,8,1124,8,1129,8,1206,8,1126,8,1112,8,1116,8,1202,8,1201,8,1213,8,1126,8,1129,8,1210,8,1129,8,1206,8,1215,8,1204,8,1201,8,1212,8,1214,8,1212,8,1209,8,1211,8,1213,8,1206,8,1213,8,1119,8,1127,8,1208,8,1217,8,1212,8,1204,8,1125,8,1126,8,1130,8,1207,8,1201,8,1213,8,1130,8,1203,8,1205,8,1202,8,1124,8,1126,8,1124,8,0,0,1126,8,1228,8,1122,8,0,0,0,0,0,0,0,0,0,0,0,0,0,0,0,0,0,0,1204,8,1111,8,1968,1228,8,2022
836,屋久島　,1121,8,1012,8,1015,8,1102,8,1020,8,1112,8,1123,8,1128,8,0,0,0,0,0,0,0,0,0,0,0,0,0,0,0,0,0,0,0,0,0,0,0,0,0,0,0,0,0,0,0,0,0,0,0,0,0,0,0,0,0,0,0,0,0,0,0,0,0,0,0,0,0,0,0,0,0,0,0,0,0,0,0,0,0,0,0,0,0,0,0,0,0,0,0,0,0,0,0,0,0,0,0,0,0,0,0,0,0,0,0,0,0,0,0,0,0,0,0,0,0,0,0,0,0,0,0,0,0,0,0,0,0,0,0,0,0,0,0,0,0,0,0,0,0,0,0,0,0,0,0,0,0,0,0,0,0,0,0,0,0,0,0,0,0,0,1012,8,1954,1128,8,1960
837,種子島　,0,0,0,0,0,0,1120,8,0,0,1205,8,1102,8,0,0,0,0,0,0,0,0,0,0,0,0,0,0,0,0,0,0,0,0,0,0,0,0,0,0,0,0,0,0,0,0,0,0,0,0,0,0,0,0,0,0,0,0,0,0,0,0,0,0,0,0,0,0,0,0,0,0,0,0,0,0,0,0,0,0,0,0,0,0,0,0,0,0,0,0,0,0,0,0,0,0,0,0,0,0,0,0,0,0,0,0,0,0,0,0,0,0,0,0,0,0,0,0,0,0,0,0,0,0,0,0,0,0,0,0,0,0,0,0,0,0,0,0,0,0,0,0,0,0,0,0,0,0,0,0,0,0,0,0,0,0,0,0,0,0,0,0,1102,8,1959,1205,8,1958
843,福江　　,0,0,1121,8,1125,8,1124,8,1129,8,0,0,1122,8,0,0,1209,8,0,0,0,0,0,0,1215,8,1128,8,0,0,0,0,0,0,0,0,0,0,0,0,0,0,0,0,0,0,1130,8,1206,8,0,0,1121,8,1119,8,1120,8,1122,8,0,0,0,0,0,0,1213,8,1218,8,1124,8,0,0,0,0,0,0,0,0,0,0,0,0,0,0,0,0,0,0,0,0,0,0,0,0,0,0,0,0,0,0,0,0,0,0,0,0,0,0,0,0,0,0,0,0,0,0,0,0,0,0,0,0,0,0,0,0,0,0,0,0,0,0,0,0,0,0,0,0,0,0,0,0,0,0,0,0,0,0,0,0,0,0,0,0,0,0,0,0,0,0,1119,8,1980,1218,8,1987
887,松山　　,0,0,1118,8,1120,8,1118,8,1125,8,0,0,1128,8,1123,8,1125,8,1125,8,1115,8,1124,8,1120,8,1103,8,0,0,0,0,0,0,0,0,0,0,0,0,0,0,0,0,0,0,0,0,0,0,0,0,0,0,0,0,0,0,0,0,0,0,0,0,0,0,0,0,0,0,0,0,1206,8,1210,8,0,0,1209,8,1121,8,1212,8,1205,8,1216,8,1218,8,1218,8,1216,8,1206,8,1201,8,1118,8,1201,8,1130,8,1128,8,1202,8,1201,8,1127,8,1203,8,1202,8,1207,8,1203,8,1127,8,1211,8,1216,8,1206,8,1128,8,1207,8,1209,8,1208,8,1206,8,1214,8,1207,8,0,0,0,0,0,0,0,0,0,0,0,0,0,0,0,0,0,0,1205,8,1103,8,1966,1218,8,1998
891,高松　　,1120,8,1115,8,1105,8,1113,8,1103,8,1105,8,1108,8,1111,8,1116,8,1114,8,1119,8,1118,8,1124,8,1115,8,1118,8,1115,8,1105,8,1110,8,0,0,0,0,0,0,0,0,1120,8,1110,8,1123,8,1120,8,1124,8,1110,8,1112,8,1103,8,1106,8,1104,8,1105,8,1108,9,1117,9,1116,9,1119,9,1114,9,1112,9,1116,9,1109,9,1124,9,1117,9,1114,9,1111,9,1128,9,1124,9,1125,9,1115,9,1111,9,1121,9,1121,9,1125,9,1207,9,1203,9,1128,9,1124,9,1129,9,1201,9,1122,9,1124,9,1124,9,1204,9,1128,9,1125,9,1130,9,1129,9,1130,9,1126,9,1124,9,1124,9,0,0,0,0,0,0,0,0,0,0,0,0,0,0,0,0,0,0,1123,8,1103,8,1982,1207,8,2006
892,宇和島　,0,0,0,0,0,0,0,0,0,0,0,0,0,0,0,0,0,0,0,0,0,0,1124,8,1118,8,1123,8,1112,8,1118,8,1115,8,0,0,1117,8,1204,8,1116,8,1111,8,1116,8,1106,8,1127,8,1119,8,1118,8,1108,8,1105,8,1104,8,1106,8,1114,8,1122,8,1111,8,1119,8,1110,8,0,0,0,0,0,0,0,0,0,0,0,0,1114,8,1122,8,1112,8,1123,8,1129,8,1129,8,1120,8,1116,8,1126,8,1121,8,0,0,0,0,0,0,0,0,0,0,0,0,0,0,0,0,0,0,0,0,0,0,0,0,0,0,0,0,0,0,0,0,0,0,0,0,0,0,0,0,0,0,0,0,0,0,0,0,0,0,0,0,0,0,0,0,0,0,1104,8,1982,1204,8,1972
893,高知　　,0,0,0,0,1115,8,1118,8,1118,8,0,0,0,0,0,0,0,0,0,0,0,0,0,0,0,0,0,0,0,0,0,0,0,0,0,0,0,0,0,0,0,0,0,0,0,0,0,0,0,0,1120,8,1126,8,1125,8,1122,8,1122,8,1108,8,1130,8,1127,8,1119,9,1203,9,1125,9,1122,9,1123,9,1121,9,1205,9,1205,9,1207,9,1128,9,1128,9,1128,9,1127,9,1203,9,1213,9,1121,9,1117,9,1201,9,1208,9,1202,9,1201,9,1129,9,1126,9,1130,9,1206,9,1209,9,1126,9,1202,8,1212,8,1207,8,1128,8,1128,8,1205,8,1212,8,1212,8,1208,8,1209,8,1211,8,0,0,0,0,0,0,0,0,0,0,0,0,0,0,0,0,0,0,1202,8,1108,8,1983,1213,8,2000
895,徳島　　,0,0,0,0,0,0,0,0,0,0,0,0,0,0,0,0,0,0,0,0,0,0,0,0,0,0,0,0,0,0,0,0,0,0,0,0,0,0,0,0,0,0,0,0,0,0,0,0,0,0,0,0,0,0,0,0,0,0,0,0,0,0,0,0,0,0,0,0,0,0,0,0,0,0,0,0,1130,8,1130,8,1209,8,1205,8,1125,8,1127,8,1130,8,1201,8,1203,8,1127,8,1122,8,1122,8,1130,8,1202,8,1205,8,1205,8,1201,8,1123,8,1126,8,1126,8,1129,8,1119,8,1124,8,1126,8,1203,8,1125,8,1120,8,1127,8,1202,8,1124,8,1121,8,1128,8,1128,8,0,0,0,0,0,0,0,0,0,0,0,0,0,0,0,0,0,0,1128,8,1119,8,2012,1209,8,1993
909,名瀬　　,0,0,0,0,0,0,0,0,0,0,0,0,0,0,0,0,0,0,0,0,0,0,0,0,0,0,0,0,0,0,0,0,0,0,0,0,0,0,0,0,0,0,0,0,0,0,0,0,0,0,0,0,0,0,0,0,0,0,0,0,0,0,0,0,0,0,0,0,0,0,0,0,0,0,0,0,0,0,0,0,0,0,0,0,0,0,0,0,0,0,0,0,0,0,0,0,0,0,0,0,0,0,0,0,0,0,0,0,0,0,0,0,0,0,0,0,0,0,0,0,0,0,0,0,0,0,0,0,0,0,0,0,0,0,0,0,0,0,0,0,0,0,0,0,0,0,0,0,0,0,0,0,0,0,0,0,0,0,0,0,0,0,0,0,0,0,0,0
912,与那国島,0,0,0,0,0,0,0,0,0,0,0,0,0,0,0,0,0,0,0,0,0,0,0,0,0,0,0,0,0,0,0,0,0,0,0,0,0,0,0,0,0,0,0,0,0,0,0,0,0,0,0,0,0,0,0,0,0,0,0,0,0,0,0,0,0,0,0,0,0,0,0,0,0,0,0,0,0,0,0,0,0,0,0,0,0,0,0,0,0,0,0,0,0,0,0,0,0,0,0,0,0,0,0,0,0,0,0,0,0,0,0,0,0,0,0,0,0,0,0,0,0,0,0,0,0,0,0,0,0,0,0,0,0,0,0,0,0,0,0,0,0,0,0,0,0,0,0,0,0,0,0,0,0,0,0,0,0,0,0,0,0,0,0,0,0,0,0,0
917,西表島　,0,0,0,0,0,0,0,0,0,0,0,0,0,0,0,0,0,0,0,0,0,0,0,0,0,0,0,0,0,0,0,0,0,0,0,0,0,0,0,0,0,0,0,0,0,0,0,0,0,0,0,0,0,0,0,0,0,0,0,0,0,0,0,0,0,0,0,0,0,0,0,0,0,0,0,0,0,0,0,0,0,0,0,0,0,0,0,0,0,0,0,0,0,0,0,0,0,0,0,0,0,0,0,0,0,0,0,0,0,0,0,0,0,0,0,0,0,0,0,0,0,0,0,0,0,0,0,0,0,0,0,0,0,0,0,0,0,0,0,0,0,0,0,0,0,0,0,0,0,0,0,0,0,0,0,0,0,0,0,0,0,0,0,0,0,0,0,0
918,石垣島　,0,0,0,0,0,0,0,0,0,0,0,0,0,0,0,0,0,0,0,0,0,0,0,0,0,0,0,0,0,0,0,0,0,0,0,0,0,0,0,0,0,0,0,0,0,0,0,0,0,0,0,0,0,0,0,0,0,0,0,0,0,0,0,0,0,0,0,0,0,0,0,0,0,0,0,0,0,0,0,0,0,0,0,0,0,0,0,0,0,0,0,0,0,0,0,0,0,0,0,0,0,0,0,0,0,0,0,0,0,0,0,0,0,0,0,0,0,0,0,0,0,0,0,0,0,0,0,0,0,0,0,0,0,0,0,0,0,0,0,0,0,0,0,0,0,0,0,0,0,0,0,0,0,0,0,0,0,0,0,0,0,0,0,0,0,0,0,0
927,宮古島　,0,0,0,0,0,0,0,0,0,0,0,0,0,0,0,0,0,0,0,0,0,0,0,0,0,0,0,0,0,0,0,0,0,0,0,0,0,0,0,0,0,0,0,0,0,0,0,0,0,0,0,0,0,0,0,0,0,0,0,0,0,0,0,0,0,0,0,0,0,0,0,0,0,0,0,0,0,0,0,0,0,0,0,0,0,0,0,0,0,0,0,0,0,0,0,0,0,0,0,0,0,0,0,0,0,0,0,0,0,0,0,0,0,0,0,0,0,0,0,0,0,0,0,0,0,0,0,0,0,0,0,0,0,0,0,0,0,0,0,0,0,0,0,0,0,0,0,0,0,0,0,0,0,0,0,0,0,0,0,0,0,0,0,0,0,0,0,0
929,久米島　,0,0,0,0,0,0,0,0,0,0,0,0,0,0,0,0,0,0,0,0,0,0,0,0,0,0,0,0,0,0,0,0,0,0,0,0,0,0,0,0,0,0,0,0,0,0,0,0,0,0,0,0,0,0,0,0,0,0,0,0,0,0,0,0,0,0,0,0,0,0,0,0,0,0,0,0,0,0,0,0,0,0,0,0,0,0,0,0,0,0,0,0,0,0,0,0,0,0,0,0,0,0,0,0,0,0,0,0,0,0,0,0,0,0,0,0,0,0,0,0,0,0,0,0,0,0,0,0,0,0,0,0,0,0,0,0,0,0,0,0,0,0,0,0,0,0,0,0,0,0,0,0,0,0,0,0,0,0,0,0,0,0,0,0,0,0,0,0
936,那覇　　,0,0,0,0,0,0,0,0,0,0,0,0,0,0,0,0,0,0,0,0,0,0,0,0,0,0,0,0,0,0,0,0,0,0,0,0,0,0,0,0,0,0,0,0,0,0,0,0,0,0,0,0,0,0,0,0,0,0,0,0,0,0,0,0,0,0,0,0,0,0,0,0,0,0,0,0,0,0,0,0,0,0,0,0,0,0,0,0,0,0,0,0,0,0,0,0,0,0,0,0,0,0,0,0,0,0,0,0,0,0,0,0,0,0,0,0,0,0,0,0,0,0,0,0,0,0,0,0,0,0,0,0,0,0,0,0,0,0,0,0,0,0,0,0,0,0,0,0,0,0,0,0,0,0,0,0,0,0,0,0,0,0,0,0,0,0,0,0
940,名護　　,0,0,0,0,0,0,0,0,0,0,0,0,0,0,0,0,0,0,0,0,0,0,0,0,0,0,0,0,0,0,0,0,0,0,0,0,0,0,0,0,0,0,0,0,0,0,0,0,0,0,0,0,0,0,0,0,0,0,0,0,0,0,0,0,0,0,0,0,0,0,0,0,0,0,0,0,0,0,0,0,0,0,0,0,0,0,0,0,0,0,0,0,0,0,0,0,0,0,0,0,0,0,0,0,0,0,0,0,0,0,0,0,0,0,0,0,0,0,0,0,0,0,0,0,0,0,0,0,0,0,0,0,0,0,0,0,0,0,0,0,0,0,0,0,0,0,0,0,0,0,0,0,0,0,0,0,0,0,0,0,0,0,0,0,0,0,0,0
945,南大東島,0,0,0,0,0,0,0,0,0,0,0,0,0,0,0,0,0,0,0,0,0,0,0,0,0,0,0,0,0,0,0,0,0,0,0,0,0,0,0,0,0,0,0,0,0,0,0,0,0,0,0,0,0,0,0,0,0,0,0,0,0,0,0,0,0,0,0,0,0,0,0,0,0,0,0,0,0,0,0,0,0,0,0,0,0,0,0,0,0,0,0,0,0,0,0,0,0,0,0,0,0,0,0,0,0,0,0,0,0,0,0,0,0,0,0,0,0,0,0,0,0,0,0,0,0,0,0,0,0,0,0,0,0,0,0,0,0,0,0,0,0,0,0,0,0,0,0,0,0,0,0,0,0,0,0,0,0,0,0,0,0,0,0,0,0,0,0,0
